{
    "KWT": {
        "portal": "https://portal.myfatoorah.com",
        "v1": "https://apikw.myfatoorah.com",
        "v2": "https://api.myfatoorah.com",
        "testPortal": "https://demo.myfatoorah.com",
        "testv1": "https://apidemo.myfatoorah.com",
        "testv2": "https://apitest.myfatoorah.com",
        "countryNameAr": "الكويت",
        "countryNameEn": "Kuwait"
    },
    "SAU": {
        "portal": "https://sa.myfatoorah.com",
        "v1": "https://apisa.myfatoorah.com",
        "v2": "https://api-sa.myfatoorah.com",
        "testPortal": "https://demo.myfatoorah.com",
        "testv1": "https://apidemo.myfatoorah.com",
        "testv2": "https://apitest.myfatoorah.com",
        "countryNameAr": "السعودية",
        "countryNameEn": "Saudi Arabia"
    },
    "ARE": {
        "portal": "https://portal.myfatoorah.com",
        "v1": "https://apiae.myfatoorah.com",
        "v2": "https://api.myfatoorah.com",
        "testPortal": "https://demo.myfatoorah.com",
        "testv1": "https://apidemo.myfatoorah.com",
        "testv2": "https://apitest.myfatoorah.com",
        "countryNameAr": "الإمارات العربية المتحدة",
        "countryNameEn": "United Arab Emirates"
    },
    "QAT": {
        "portal": "https://qa.myfatoorah.com",
        "v1": "https://apiqa.myfatoorah.com",
        "v2": "https://api-qa.myfatoorah.com",
        "testPortal": "https://demo.myfatoorah.com",
        "testv1": "https://apidemo.myfatoorah.com",
        "testv2": "https://apitest.myfatoorah.com",
        "countryNameAr": "قطر",
        "countryNameEn": "Qatar"
    },
    "BHR": {
        "portal": "https://portal.myfatoorah.com",
        "v1": "https://apibh.myfatoorah.com",
        "v2": "https://api.myfatoorah.com",
        "testPortal": "https://demo.myfatoorah.com",
        "testv1": "https://apidemo.myfatoorah.com",
        "testv2": "https://apitest.myfatoorah.com",
        "countryNameAr": "البحرين",
        "countryNameEn": "Bahrain"
    },
    "OMN": {
        "portal": "https://portal.myfatoorah.com",
        "v1": "https://apiom.myfatoorah.com",
        "v2": "https://api.myfatoorah.com",
        "testPortal": "https://demo.myfatoorah.com",
        "testv1": "https://apidemo.myfatoorah.com",
        "testv2": "https://apitest.myfatoorah.com",
        "countryNameAr": "عمان",
        "countryNameEn": "Oman"
    },
    "JOD": {
        "portal": "https://portal.myfatoorah.com",
        "v1": "https://apijo.myfatoorah.com",
        "v2": "https://api.myfatoorah.com",
        "testPortal": "https://demo.myfatoorah.com",
        "testv1": "https://apidemo.myfatoorah.com",
        "testv2": "https://apitest.myfatoorah.com",
        "countryNameAr": "اﻷردن",
        "countryNameEn": "Jordan"
    },
    "EGY": {
        "portal": "https://eg.myfatoorah.com",
        "v1": "https://apieg.myfatoorah.com",
        "v2": "https://api-eg.myfatoorah.com",
        "testPortal": "https://demo.myfatoorah.com",
        "testv1": "https://apidemo.myfatoorah.com",
        "testv2": "https://apitest.myfatoorah.com",
        "countryNameAr": "مصر",
        "countryNameEn": "Egypt"
    }
}